,Total_Return,Number_of_Trades,Win_Rate,Avg_Profit,Avg_Loss,Profit_Factor,Max_Drawdown,Volatility,Sharpe_Ratio
0,-0.3694699730378634,189,55.55555555555556,22.404459006049716,23.38496747629619,1.1975887409700088,-0.5285861647734038,0.17921992262685493,-0.4522391461594417
