,TA_Total_Return,TA_Number_of_Trades,TA_Win_Rate,TA_Avg_Profit,TA_Avg_Loss,TA_Profit_Factor,TA_Max_Drawdown,TA_Volatility,TA_Sharpe_Ratio,ML_Total_Return,ML_Number_of_Trades,ML_Win_Rate,ML_Avg_Profit,ML_Avg_Loss,ML_Profit_Factor,ML_Max_Drawdown,ML_Volatility,ML_Sharpe_Ratio
0,21.475404111009322,65,50.96153846153846,0.478348932198946,-0.4546046118393919,1.0934946564717885,-9.664079863953623,9.45770398923758,2.2706783946132503,2.4542454296577976,277,48.743718592964825,1.3944564148643568,-1.2872222548905514,1.0302033725839468,-50.274356167382436,26.608534328585705,0.09223527306504768
