,Total_Return,Number_of_Trades,Win_Rate,Avg_Profit,Avg_Loss,Profit_Factor,Max_Drawdown,Volatility,Sharpe_Ratio
0,-1.2701500228990918,319,56.739811912225704,35.47756203855283,46.49805918065026,1.0007334827020806,-1.9222101466688593,0.4666233575111045,-0.5477355650645466
