,Total_Return,Number_of_Trades,Win_Rate,Avg_Profit,Avg_Loss,Profit_Factor,Max_Drawdown,Volatility,Sharpe_Ratio
0,-0.4185134982163436,191,54.973821989528794,22.158378916115527,23.02139569712164,1.1751604932687394,-0.5285884711559061,0.17933101591303618,-0.49163983897882835
