,Total_Return,Number_of_Trades,Win_Rate,Avg_Profit,Avg_Loss,Profit_Factor,Max_Drawdown,Volatility,Sharpe_Ratio
0,-1.2043275317837543,269,58.7360594795539,40.19269850749895,58.36183430826323,0.9802849616409228,-2.0994812999428616,0.5094181165652547,-0.41887353941300365
