,TA_Total_Return,TA_Number_of_Trades,TA_Win_Rate,TA_Avg_Profit,TA_Avg_Loss,TA_Profit_Factor,TA_Max_Drawdown,TA_Volatility,TA_Sharpe_Ratio,ML_Total_Return,ML_Number_of_Trades,ML_Win_Rate,ML_Avg_Profit,ML_Avg_Loss,ML_Profit_Factor,ML_Max_Drawdown,ML_Volatility,ML_Sharpe_Ratio
0,23.510203308969025,65,51.153846153846146,0.47832551186120803,-0.45498279452736157,1.1009725500940146,-9.664067921247277,9.453636861930502,2.4868951126781558,40.16225028586145,268,49.90234375,1.4031559715755644,-1.2959781884221067,1.078479244798034,-51.93987011416078,27.344079221074256,1.468773183443242
