,Total_Return,Number_of_Trades,Win_Rate,Avg_Profit,Avg_Loss,Profit_Factor,Max_Drawdown,Volatility,Sharpe_Ratio
0,-0.6716222904042807,201,53.233830845771145,21.82710117418321,23.45056005095176,1.0594946462663932,-0.9672628617579713,0.18083762270330858,-0.7650124485223493
