,TA_Total_Return,TA_Number_of_Trades,TA_Win_Rate,TA_Avg_Profit,TA_Avg_Loss,TA_Profit_Factor,TA_Max_Drawdown,TA_Volatility,TA_Sharpe_Ratio,ML_Total_Return,ML_Number_of_Trades,ML_Win_Rate,ML_Avg_Profit,ML_Avg_Loss,ML_Profit_Factor,ML_Max_Drawdown,ML_Volatility,ML_Sharpe_Ratio
0,9.936083230365211,70,49.31002759889604,0.49599335726244986,-0.46121036426485174,1.0461404451420875,-19.393771166900397,9.517127676523017,1.0440212181744373,222.48715963194806,356,51.926977687626774,1.5327409959568243,-1.3673455786276691,1.2108270154780316,-22.3501840653759,28.079302266299848,7.923528780092666
