,Total_Return,Number_of_Trades,Win_Rate,Avg_Profit,Avg_Loss,Profit_Factor,Max_Drawdown,Volatility,Sharpe_Ratio
0,-1.3347787350159341,325,57.230769230769226,38.229841310270466,51.45325872118928,0.9942320383880194,-1.7874404078614392,0.5076039257066175,-0.5266535839229566
