,Total_Return,Number_of_Trades,Win_Rate,Avg_Profit,Avg_Loss,Profit_Factor,Max_Drawdown,Volatility,Sharpe_Ratio
0,-1.0223511480007001,199,52.76381909547738,18.78478398318684,23.423952292698456,0.8957926110537434,-1.0904957647311362,0.16441549671402386,-1.2526979735851025
