,TA_Total_Return,TA_Number_of_Trades,TA_Win_Rate,TA_Avg_Profit,TA_Avg_Loss,TA_Profit_Factor,TA_Max_Drawdown,TA_Volatility,TA_Sharpe_Ratio,ML_Total_Return,ML_Number_of_Trades,ML_Win_Rate,ML_Avg_Profit,ML_Avg_Loss,ML_Profit_Factor,ML_Max_Drawdown,ML_Volatility,ML_Sharpe_Ratio
0,-8.441704950373607,68,50.71633237822349,0.4217692300847154,-0.4475682375733356,0.9697514860989064,-19.4784000292038,8.584921126178227,-0.9833177062782898,182.8468533767283,267,50.733137829912025,1.363891413747982,-1.1682247202401466,1.202237374176448,-20.87869253040123,24.69585595520719,7.4039488126417625
