,Total_Return,Number_of_Trades,Win_Rate,Avg_Profit,Avg_Loss,Profit_Factor,Max_Drawdown,Volatility,Sharpe_Ratio
0,0.5273535481036088,316,63.29113924050633,31.22989622664222,38.355005436205374,1.4038493295531542,-0.8274681016538136,0.35323356014677393,0.3041693150382074
